{"cameraMode":{"drawMode":0,"name":"Shaded","section":"Shading Mode"},"sceneLighting":false,"audioPlay":false,"sceneViewState":{"showFog":true,"showMaterialUpdate":false,"showSkybox":true,"showFlares":true,"showImageEffects":true,"showParticleSystems":true},"in2DMode":false,"pivot":{"x":-0.3151061534881592,"y":0.017298534512519838,"z":0.1751818060874939},"rotation":{"x":-0.04447893053293228,"y":0.9507120847702026,"z":-0.26036587357521059,"w":-0.162412628531456},"size":0.8831703066825867,"orthographic":false}